{
	"topic": "General EU Knowledge",
	"title": "EU Capitals Quiz",
	"quizMessage": "Test your general knowledge with this sample quiz!",
	"quiz":	[
		{
			"question": "What is the capital of France?",
			"options": [
				"Berlin",
				"Madrid",
				"Paris",
				"Rome"
			],
			"answer": "Paris"
		},
		{
			"question": "What EU capital is west-northwest of Brussels?",
			"options": [
				"Amsterdam",
				"Madrid",
				"Paris",
				"London"
			],
			"answer": "London"
		},
		{
			"question": "The largest EU capital by area is?",
			"options": [
				"Rome",
				"Berlin",
				"Amsterdam",
				"Madrid"
			],
			"answer": "Berlin"
		}
	]
}